employee_name,job_position
Alex K.,Software Engineer
Brenda M.,Data Analyst
Charles P.,Marketing Manager
Diana R.,Sales Representative
Ethan S.,HR Specialist
Fiona T.,Financial Controller
George U.,Product Designer
Hannah V.,Project Coordinator
Isaac W.,Technical Writer
Jasmine X.,Operations Supervisor
Kevin Y.,Customer Support
Laura Z.,Research Scientist
Mark A.,Accountant
Nora B.,Legal Counsel
Oscar C.,Executive Assistant
Penny D.,Web Developer
Quinn E.,Network Administrator
Ryan F.,Quality Assurance
Sara G.,Content Creator
Tom H.,Logistics Planner
Ursula I.,Software Engineer
Victor J.,Data Analyst
Wendy K.,Marketing Manager
Xavier L.,Sales Representative
Yara M.,HR Specialist
Zack N.,Financial Controller
Alice O.,Product Designer
Bob P.,Project Coordinator
Cathy Q.,Technical Writer
David R.,Operations Supervisor
Emily S.,Customer Support
Frank T.,Research Scientist
Grace U.,Accountant
Harry V.,Legal Counsel
Ivy W.,Executive Assistant
Jack X.,Web Developer
Kelly Y.,Network Administrator
Liam Z.,Quality Assurance
Mia A.,Content Creator
Noah B.,Logistics Planner
Olivia C.,Software Engineer
Paul D.,Data Analyst
Quincy E.,Marketing Manager
Rachel F.,Sales Representative
Sam G.,HR Specialist
Tina H.,Financial Controller
Vance I.,Product Designer
Will J.,Project Coordinator
Yasmine K.,Technical Writer
Zane L.,Operations Supervisor
Adam M.,Customer Support
Bella N.,Research Scientist
Caleb O.,Accountant
Daisy P.,Legal Counsel
Eric Q.,Executive Assistant
Faith R.,Web Developer
Gavin S.,Network Administrator
Hope T.,Quality Assurance
Ian U.,Content Creator
Jade V.,Logistics Planner
Kyle W.,Software Engineer
Lily X.,Data Analyst
Miles Y.,Marketing Manager
Nina Z.,Sales Representative
Owen A.,HR Specialist
Piper B.,Financial Controller
Quentin C.,Product Designer
Rose D.,Project Coordinator
Seth E.,Technical Writer
Tessa F.,Operations Supervisor
Ulysses G.,Customer Support
Violet H.,Research Scientist
Walter I.,Accountant
Xenia J.,Legal Counsel
Yusef K.,Executive Assistant
Zara L.,Web Developer
Aaron M.,Network Administrator
Blair N.,Quality Assurance
Cesar O.,Content Creator
Drew P.,Logistics Planner
Erin Q.,Software Engineer
Finn R.,Data Analyst
Gia S.,Marketing Manager
Hugh T.,Sales Representative
Izzy U.,HR Specialist
Josh V.,Financial Controller
Kira W.,Product Designer
Leo X.,Project Coordinator
Mona Y.,Technical Writer
Nick Z.,Operations Supervisor
Olive A.,Customer Support
Pete B.,Research Scientist
Quincy C.,Accountant
Ruby D.,Legal Counsel
Scott E.,Executive Assistant
Tara F.,Web Developer
Vince G.,Network Administrator
Wren H.,Quality Assurance
Zia I.,Content Creator
Aiden J.,Logistics Planner
Brynn K.,Software Engineer
Cole L.,Data Analyst
Dean M.,Marketing Manager
Elise N.,Sales Representative
Flynn O.,HR Specialist
Gwen P.,Financial Controller
Hank Q.,Product Designer
Jada R.,Project Coordinator
Kai S.,Technical Writer
Lena T.,Operations Supervisor
Max U.,Customer Support
Neve V.,Research Scientist
Orion W.,Accountant
Paris X.,Legal Counsel
Rami Y.,Executive Assistant
Sage Z.,Web Developer
Toby A.,Network Administrator
Uma B.,Quality Assurance
Veda C.,Content Creator
Wes D.,Logistics Planner
Zoe E.,Software Engineer
Ben F.,Data Analyst
Cora G.,Marketing Manager
Dash H.,Sales Representative
Eve I.,HR Specialist
Fox J.,Financial Controller
Gina K.,Product Designer
Hugo L.,Project Coordinator
Juno M.,Technical Writer
Kian N.,Operations Supervisor
Lila O.,Customer Support
Myra P.,Research Scientist
Neo Q.,Accountant
Opal R.,Legal Counsel
Pax S.,Executive Assistant
Rhea T.,Web Developer
Shay U.,Network Administrator
Ty V.,Quality Assurance
Vivi W.,Content Creator
Wyatt X.,Logistics Planner
Zia Y.,Software Engineer
Bo Z.,Data Analyst
Cam A.,Marketing Manager
Des B.,Sales Representative
Eli C.,HR Specialist
Flo D.,Financial Controller
Gio E.,Product Designer
Hal F.,Project Coordinator
Ida G.,Technical Writer
Jem H.,Operations Supervisor
Koa I.,Customer Support
Liv J.,Research Scientist
Moe K.,Accountant
Noa L.,Legal Counsel
Pip M.,Executive Assistant
Rex N.,Web Developer
Sky O.,Network Administrator
Taj P.,Quality Assurance
Uni Q.,Content Creator
Val R.,Logistics Planner